{
  "count": 620705,
  "width": {
    "min": 50,
    "max": 5140,
    "mean": 1227.912240114064,
    "median": 1280.0,
    "std": 653.5907720824456
  },
  "height": {
    "min": 49,
    "max": 4967,
    "mean": 744.1668570415898,
    "median": 720.0,
    "std": 324.7495676601651
  },
  "processing_time_seconds": 1340.8087408542633,
  "sampled": false
}